Company_Key,Quarter_End_Date,Date_Key,Fiscal_Year,Fiscal_Quarter,Fiscal_Period,Revenue_Millions,YoY_Growth_Pct,QoQ_Growth_Pct,Source
GME,2005-01-31,20050131,2005,Q1,2005-Q1,709.0,,,IBM_Historical
GME,2005-04-30,20050430,2005,Q2,2005-Q2,475.0,,-0.33,IBM_Historical
GME,2005-07-31,20050731,2005,Q3,2005-Q3,416.0,,-0.1242,IBM_Historical
GME,2005-10-31,20051031,2005,Q4,2005-Q4,534.0,,0.2837,IBM_Historical
GME,2006-01-31,20060131,2006,Q1,2006-Q1,1667.0,1.3512,2.1217,IBM_Historical
GME,2006-04-30,20060430,2006,Q2,2006-Q2,1040.0,1.1895,-0.3761,IBM_Historical
GME,2006-07-31,20060731,2006,Q3,2006-Q3,963.0,1.3149,-0.074,IBM_Historical
GME,2006-10-31,20061031,2006,Q4,2006-Q4,1012.0,0.8951,0.0509,IBM_Historical
GME,2007-01-31,20070131,2007,Q1,2007-Q1,2304.0,0.3821,1.2767,IBM_Historical
GME,2007-04-30,20070430,2007,Q2,2007-Q2,1279.0,0.2298,-0.4449,IBM_Historical
GME,2007-07-31,20070731,2007,Q3,2007-Q3,1338.0,0.3894,0.0461,IBM_Historical
GME,2007-10-31,20071031,2007,Q4,2007-Q4,1611.0,0.5919,0.204,IBM_Historical
GME,2008-01-31,20080131,2008,Q1,2008-Q1,2866.0,0.2439,0.779,IBM_Historical
GME,2008-04-30,20080430,2008,Q2,2008-Q2,1814.0,0.4183,-0.3671,IBM_Historical
GME,2008-07-31,20080731,2008,Q3,2008-Q3,1804.0,0.3483,-0.0055,IBM_Historical
GME,2008-10-31,20081031,2008,Q4,2008-Q4,1696.0,0.0528,-0.0599,IBM_Historical
GME,2009-01-31,20090131,2009,Q1,2009-Q1,3492.0,0.2184,1.059,IBM_Historical
GME,2009-04-30,20090430,2009,Q2,2009-Q2,1981.0,0.0921,-0.4327,IBM_Historical
GME,2009-07-31,20090731,2009,Q3,2009-Q3,1739.0,-0.036,-0.1222,IBM_Historical
GME,2009-10-31,20091031,2009,Q4,2009-Q4,1835.0,0.082,0.0552,IBM_Historical
GME,2010-01-31,20100131,2010,Q1,2010-Q1,3524.0,0.0092,0.9204,IBM_Historical
GME,2010-04-30,20100430,2010,Q2,2010-Q2,2083.0,0.0515,-0.4089,IBM_Historical
GME,2010-07-31,20100731,2010,Q3,2010-Q3,1799.0,0.0345,-0.1363,IBM_Historical
GME,2010-10-31,20101031,2010,Q4,2010-Q4,1899.0,0.0349,0.0556,IBM_Historical
GME,2011-01-31,20110131,2011,Q1,2011-Q1,3693.0,0.048,0.9447,IBM_Historical
GME,2011-04-30,20110430,2011,Q2,2011-Q2,2281.0,0.0951,-0.3823,IBM_Historical
GME,2011-07-31,20110731,2011,Q3,2011-Q3,1744.0,-0.0306,-0.2354,IBM_Historical
GME,2011-10-31,20111031,2011,Q4,2011-Q4,1947.0,0.0253,0.1164,IBM_Historical
GME,2012-01-31,20120131,2012,Q1,2012-Q1,3579.0,-0.0309,0.8382,IBM_Historical
GME,2012-04-30,20120430,2012,Q2,2012-Q2,2002.0,-0.1223,-0.4406,IBM_Historical
GME,2012-07-31,20120731,2012,Q3,2012-Q3,1550.0,-0.1112,-0.2258,IBM_Historical
GME,2012-10-31,20121031,2012,Q4,2012-Q4,1773.0,-0.0894,0.1439,IBM_Historical
GME,2013-01-31,20130131,2013,Q1,2013-Q1,3562.0,-0.0047,1.009,IBM_Historical
GME,2013-04-30,20130430,2013,Q2,2013-Q2,1865.0,-0.0684,-0.4764,IBM_Historical
GME,2013-07-31,20130731,2013,Q3,2013-Q3,1384.0,-0.1071,-0.2579,IBM_Historical
GME,2013-10-31,20131031,2013,Q4,2013-Q4,2107.0,0.1884,0.5224,IBM_Historical
GME,2014-01-31,20140131,2014,Q1,2014-Q1,3684.0,0.0343,0.7485,IBM_Historical
GME,2014-04-30,20140430,2014,Q2,2014-Q2,1996.0,0.0702,-0.4582,IBM_Historical
GME,2014-07-31,20140731,2014,Q3,2014-Q3,1731.0,0.2507,-0.1328,IBM_Historical
GME,2014-10-31,20141031,2014,Q4,2014-Q4,2092.0,-0.0071,0.2085,IBM_Historical
GME,2015-01-31,20150131,2015,Q1,2015-Q1,3476.0,-0.0565,0.6616,IBM_Historical
GME,2015-04-30,20150430,2015,Q2,2015-Q2,2061.0,0.0326,-0.4071,IBM_Historical
GME,2015-07-31,20150731,2015,Q3,2015-Q3,1762.0,0.0179,-0.1451,IBM_Historical
GME,2015-10-31,20151031,2015,Q4,2015-Q4,2016.0,-0.0363,0.1442,IBM_Historical
GME,2016-01-31,20160131,2016,Q1,2016-Q1,3525.0,0.0141,0.7485,IBM_Historical
GME,2016-04-30,20160430,2016,Q2,2016-Q2,1972.0,-0.0432,-0.4406,IBM_Historical
GME,2016-07-31,20160731,2016,Q3,2016-Q3,1632.0,-0.0738,-0.1724,IBM_Historical
GME,2016-10-31,20161031,2016,Q4,2016-Q4,1959.0,-0.0283,0.2004,IBM_Historical
GME,2017-01-31,20170131,2017,Q1,2017-Q1,2403.0,-0.3183,0.2266,IBM_Historical
GME,2017-04-30,20170430,2017,Q2,2017-Q2,2046.0,0.0375,-0.1486,IBM_Historical
GME,2017-07-31,20170731,2017,Q3,2017-Q3,1688.0,0.0343,-0.175,IBM_Historical
GME,2017-10-31,20171031,2017,Q4,2017-Q4,1989.0,0.0153,0.1783,IBM_Historical
GME,2018-01-31,20180131,2018,Q1,2018-Q1,2825.0,0.1756,0.4203,IBM_Historical
GME,2018-05-05,20180505,2018,Q2,2018-Q2,1785.8,-0.1272,-0.3679,SEC_10Q
GME,2018-08-04,20180804,2018,Q3,2018-Q3,1501.1,-0.1107,-0.1594,SEC_10Q
GME,2018-11-03,20181103,2018,Q4,2018-Q4,1935.4,-0.0269,0.2893,SEC_10Q
GME,2019-02-02,20190202,2019,Q1,2019-Q1,3063.0,0.0842,0.5826,SEC_10K_Derived_Q4
GME,2019-05-04,20190504,2019,Q2,2019-Q2,1547.7,-0.1333,-0.4947,SEC_10Q
GME,2019-08-03,20190803,2019,Q3,2019-Q3,1285.7,-0.1435,-0.1693,SEC_10Q
GME,2019-11-02,20191102,2019,Q4,2019-Q4,1438.5,-0.2567,0.1188,SEC_10Q
GME,2020-02-01,20200201,2020,Q1,2020-Q1,2194.1,-0.2837,0.5253,SEC_10K_Derived_Q4
GME,2020-05-02,20200502,2020,Q2,2020-Q2,1021.0,-0.3403,-0.5347,SEC_10Q
GME,2020-08-01,20200801,2020,Q3,2020-Q3,942.0,-0.2673,-0.0774,SEC_10Q
GME,2020-10-31,20201031,2020,Q4,2020-Q4,1004.7,-0.3016,0.0666,SEC_10Q
GME,2021-01-30,20210130,2021,Q1,2021-Q1,2122.1,-0.0328,1.1122,SEC_10K_Derived_Q4
GME,2021-05-01,20210501,2021,Q2,2021-Q2,1276.8,0.2505,-0.3983,SEC_10Q
GME,2021-07-31,20210731,2021,Q3,2021-Q3,1183.4,0.2563,-0.0732,SEC_10Q
GME,2021-10-30,20211030,2021,Q4,2021-Q4,1296.6,0.2905,0.0957,SEC_10Q
GME,2022-01-29,20220129,2022,Q1,2022-Q1,2253.9,0.0621,0.7383,SEC_10K_Derived_Q4
GME,2022-04-30,20220430,2022,Q2,2022-Q2,1378.4,0.0796,-0.3884,SEC_10Q
GME,2022-07-30,20220730,2022,Q3,2022-Q3,1136.0,-0.0401,-0.1759,SEC_10Q
GME,2022-10-29,20221029,2022,Q4,2022-Q4,1186.4,-0.085,0.0444,SEC_10Q
GME,2023-01-28,20230128,2023,Q1,2023-Q1,2226.4,-0.0122,0.8766,SEC_10K_Derived_Q4
GME,2023-04-29,20230429,2023,Q2,2023-Q2,1237.1,-0.1025,-0.4443,SEC_10Q
GME,2023-07-29,20230729,2023,Q3,2023-Q3,1163.8,0.0245,-0.0593,SEC_10Q
GME,2023-10-28,20231028,2023,Q4,2023-Q4,1078.3,-0.0911,-0.0735,SEC_10Q
GME,2024-02-03,20240203,2024,Q1,2024-Q1,1793.6,-0.1944,0.6634,SEC_10K_Derived_Q4
GME,2024-05-04,20240504,2024,Q2,2024-Q2,881.8,-0.2872,-0.5084,SEC_10Q
GME,2024-08-03,20240803,2024,Q3,2024-Q3,798.3,-0.3141,-0.0947,SEC_10Q
GME,2024-11-02,20241102,2024,Q4,2024-Q4,860.3,-0.2022,0.0777,SEC_10Q
GME,2025-02-01,20250201,2025,Q1,2025-Q1,1282.6,-0.2849,0.4909,SEC_10K_Derived_Q4
GME,2025-05-03,20250503,2025,Q2,2025-Q2,732.4,-0.1694,-0.429,SEC_10Q
GME,2025-08-02,20250802,2025,Q3,2025-Q3,972.2,0.2178,0.3274,SEC_10Q
GME,2025-11-01,20251101,2025,Q4,2025-Q4,821.0,-0.0457,-0.1555,SEC_10Q
GME,2026-01-31,20260131,2026,Q1,2026-Q1,1104.3,-0.139,0.3451,SEC_10K_Derived_Q4
GME,2026-05-02,20260502,2026,Q2,2026-Q2,835.3,0.1405,-0.2436,SEC_10Q
GME,2026-08-01,20260801,2026,Q3,2026-Q3,790.2,-0.1872,-0.054,SEC_10Q
TSLA,2009-06-30,20090630,2009,Q2,2009-Q2,27.0,,,IBM_Historical
TSLA,2009-09-30,20090930,2009,Q3,2009-Q3,46.0,,0.7037,IBM_Historical
TSLA,2010-03-31,20100331,2010,Q1,2010-Q1,20.81,,-0.5476,SEC_10Q
TSLA,2010-06-30,20100630,2010,Q2,2010-Q2,28.41,,0.3652,SEC_10Q
TSLA,2010-09-30,20100930,2010,Q3,2010-Q3,31.24,0.157,0.0996,SEC_10Q
TSLA,2010-12-31,20101231,2010,Q4,2010-Q4,36.28,-0.2113,0.1613,SEC_10K_Derived_Q4
TSLA,2011-03-31,20110331,2011,Q1,2011-Q1,49.03,1.3561,0.3514,SEC_10Q
TSLA,2011-06-30,20110630,2011,Q2,2011-Q2,58.17,1.0475,0.1864,SEC_10Q
TSLA,2011-09-30,20110930,2011,Q3,2011-Q3,57.67,0.846,-0.0086,SEC_10Q
TSLA,2011-12-31,20111231,2011,Q4,2011-Q4,39.37,0.0852,-0.3173,SEC_10K_Derived_Q4
TSLA,2012-03-31,20120331,2012,Q1,2012-Q1,30.17,-0.3847,-0.2337,SEC_10Q
TSLA,2012-06-30,20120630,2012,Q2,2012-Q2,26.65,-0.5419,-0.1167,SEC_10Q
TSLA,2012-09-30,20120930,2012,Q3,2012-Q3,50.1,-0.1313,0.8799,SEC_10Q
TSLA,2012-12-31,20121231,2012,Q4,2012-Q4,306.34,6.7811,5.1146,SEC_10K_Derived_Q4
TSLA,2013-03-31,20130331,2013,Q1,2013-Q1,561.79,17.6208,0.8339,SEC_10Q
TSLA,2013-06-30,20130630,2013,Q2,2013-Q2,405.14,14.2023,-0.2788,SEC_10Q
TSLA,2013-09-30,20130930,2013,Q3,2013-Q3,431.35,7.6098,0.0647,SEC_10Q
TSLA,2013-12-31,20131231,2013,Q4,2013-Q4,615.22,1.0083,0.4263,SEC_10K_Derived_Q4
TSLA,2014-03-31,20140331,2014,Q1,2014-Q1,620.54,0.1046,0.0086,SEC_10Q
TSLA,2014-06-30,20140630,2014,Q2,2014-Q2,769.35,0.899,0.2398,SEC_10Q
TSLA,2014-09-30,20140930,2014,Q3,2014-Q3,851.8,0.9747,0.1072,SEC_10Q
TSLA,2014-12-31,20141231,2014,Q4,2014-Q4,956.66,0.555,0.1231,SEC_10K_Derived_Q4
TSLA,2015-03-31,20150331,2015,Q1,2015-Q1,939.88,0.5146,-0.0175,SEC_10Q
TSLA,2015-06-30,20150630,2015,Q2,2015-Q2,954.98,0.2413,0.0161,SEC_10Q
TSLA,2015-09-30,20150930,2015,Q3,2015-Q3,936.79,0.0998,-0.019,SEC_10Q
TSLA,2015-12-31,20151231,2015,Q4,2015-Q4,1214.39,0.2694,0.2963,SEC_10K_Derived_Q4
TSLA,2016-03-31,20160331,2016,Q1,2016-Q1,1147.05,0.2204,-0.0555,SEC_10Q
TSLA,2016-06-30,20160630,2016,Q2,2016-Q2,1270.02,0.3299,0.1072,SEC_10Q
TSLA,2016-09-30,20160930,2016,Q3,2016-Q3,2298.44,1.4535,0.8098,SEC_10Q
TSLA,2016-12-31,20161231,2016,Q4,2016-Q4,2284.63,0.8813,-0.006,SEC_10K_Derived_Q4
TSLA,2017-03-31,20170331,2017,Q1,2017-Q1,2696.27,1.3506,0.1802,SEC_10Q
TSLA,2017-06-30,20170630,2017,Q2,2017-Q2,2789.56,1.1965,0.0346,SEC_10Q
TSLA,2017-09-30,20170930,2017,Q3,2017-Q3,2984.68,0.2986,0.0699,SEC_10Q
TSLA,2017-12-31,20171231,2017,Q4,2017-Q4,3288.5,0.4394,0.1018,SEC_10K_Derived_Q4
TSLA,2018-03-31,20180331,2018,Q1,2018-Q1,3409.0,0.2643,0.0366,SEC_10Q
TSLA,2018-06-30,20180630,2018,Q2,2018-Q2,4002.0,0.4346,0.174,SEC_10Q
TSLA,2018-09-30,20180930,2018,Q3,2018-Q3,6824.0,1.2863,0.7051,SEC_10Q
TSLA,2018-12-31,20181231,2018,Q4,2018-Q4,7226.0,1.1974,0.0589,SEC_10K_Derived_Q4
TSLA,2019-03-31,20190331,2019,Q1,2019-Q1,4541.0,0.3321,-0.3716,SEC_10Q
TSLA,2019-06-30,20190630,2019,Q2,2019-Q2,6350.0,0.5867,0.3984,SEC_10Q
TSLA,2019-09-30,20190930,2019,Q3,2019-Q3,6303.0,-0.0763,-0.0074,SEC_10Q
TSLA,2019-12-31,20191231,2019,Q4,2019-Q4,7384.0,0.0219,0.1715,SEC_10K_Derived_Q4
TSLA,2020-03-31,20200331,2020,Q1,2020-Q1,5985.0,0.318,-0.1895,SEC_10Q
TSLA,2020-06-30,20200630,2020,Q2,2020-Q2,6036.0,-0.0494,0.0085,SEC_10Q
TSLA,2020-09-30,20200930,2020,Q3,2020-Q3,8771.0,0.3916,0.4531,SEC_10Q
TSLA,2020-12-31,20201231,2020,Q4,2020-Q4,10744.0,0.455,0.2249,SEC_10K_Derived_Q4
TSLA,2021-03-31,20210331,2021,Q1,2021-Q1,10389.0,0.7358,-0.033,SEC_10Q
TSLA,2021-06-30,20210630,2021,Q2,2021-Q2,11958.0,0.9811,0.151,SEC_10Q
TSLA,2021-09-30,20210930,2021,Q3,2021-Q3,13757.0,0.5685,0.1504,SEC_10Q
TSLA,2021-12-31,20211231,2021,Q4,2021-Q4,17719.0,0.6492,0.288,SEC_10K_Derived_Q4
TSLA,2022-03-31,20220331,2022,Q1,2022-Q1,18756.0,0.8054,0.0585,SEC_10Q
TSLA,2022-06-30,20220630,2022,Q2,2022-Q2,16934.0,0.4161,-0.0971,SEC_10Q
TSLA,2022-09-30,20220930,2022,Q3,2022-Q3,21454.0,0.5595,0.2669,SEC_10Q
TSLA,2022-12-31,20221231,2022,Q4,2022-Q4,24318.0,0.3724,0.1335,SEC_10K_Derived_Q4
TSLA,2023-03-31,20230331,2023,Q1,2023-Q1,23329.0,0.2438,-0.0407,SEC_10Q
TSLA,2023-06-30,20230630,2023,Q2,2023-Q2,24927.0,0.472,0.0685,SEC_10Q
TSLA,2023-09-30,20230930,2023,Q3,2023-Q3,23350.0,0.0884,-0.0633,SEC_10Q
TSLA,2023-12-31,20231231,2023,Q4,2023-Q4,25167.0,0.0349,0.0778,SEC_10K_Derived_Q4
TSLA,2024-03-31,20240331,2024,Q1,2024-Q1,21301.0,-0.0869,-0.1536,SEC_10Q
TSLA,2024-06-30,20240630,2024,Q2,2024-Q2,25500.0,0.023,0.1971,SEC_10Q
TSLA,2024-09-30,20240930,2024,Q3,2024-Q3,25182.0,0.0785,-0.0125,SEC_10Q
TSLA,2024-12-31,20241231,2024,Q4,2024-Q4,25707.0,0.0215,0.0208,SEC_10K_Derived_Q4
TSLA,2025-03-31,20250331,2025,Q1,2025-Q1,19335.0,-0.0923,-0.2479,SEC_10Q
TSLA,2025-06-30,20250630,2025,Q2,2025-Q2,22496.0,-0.1178,0.1635,SEC_10Q
TSLA,2025-09-30,20250930,2025,Q3,2025-Q3,28095.0,0.1157,0.2489,SEC_10Q
TSLA,2025-12-31,20251231,2025,Q4,2025-Q4,24901.0,-0.0314,-0.1137,SEC_10K_Derived_Q4
TSLA,2026-03-31,20260331,2026,Q1,2026-Q1,22387.0,0.1578,-0.101,SEC_10Q
TSLA,2026-06-30,20260630,2026,Q2,2026-Q2,28236.0,0.2552,0.2613,SEC_10Q
